(None),(None)
(blank),(blank)
(empty),(empty)
+ Add Parameter,+ Add Parameter
15 Visual Components,15 Visual Components
15 interactive components • 3000+ icons • Full RTL & dark mode support,15 interactive components • 3000+ icons • Full RTL & dark mode support
"15 interactive visual components for building rich UX experiences in Frappe apps. From graph engines to kanban boards, from calendars to storyboards.","15 interactive visual components for building rich UX experiences in Frappe apps. From graph engines to kanban boards, from calendars to storyboards."
3000+ Icons,3000+ Icons
3000+ Tabler icons with smart DocType mapping,3000+ Tabler icons with smart DocType mapping
3000+ premium icons,3000+ premium icons
8 Ready-to-use Templates,8 Ready-to-use Templates
AI Assistant,AI Assistant
AI endpoint not configured. Set `endpoint` or `method` option.,AI endpoint not configured. Set `endpoint` or `method` option.
API integration,API integration
About,About
About Frappe Visual,About Frappe Visual
Accent,Accent
Accept All,Accept All
Accessibility Audit,Accessibility Audit
Accounting,Accounting
Actions,Actions
Active,Active
Active Customers,Active Customers
Add,Add
Add Customer,Add Customer
Add Document Card,Add Document Card
Add New,Add New
Add Users,Add Users
Add a comment...,Add a comment...
Add comment (optional),Add comment (optional)
Add condition,Add condition
Add group,Add group
Add people (email or name),Add people (email or name)
Add reaction,Add reaction
Add tag…,Add tag…
Admin,Admin
Advanced,Advanced
Advanced layout algorithms,Advanced layout algorithms
Affected,Affected
After,After
After Effects animations,After Effects animations
Alerts,Alerts
All,All
All Done!,All Done!
All Systems Operational,All Systems Operational
All done!,All done!
All types,All types
Allowed Roles,Allowed Roles
Amendment,Amendment
An error occurred in Frappe Visual,An error occurred in Frappe Visual
Angle,Angle
Animation Engine,Animation Engine
App Map,App Map
App Structure,App Structure
App showcase for admins and decision makers,App showcase for admins and decision makers
Application,Application
Application Structure,Application Structure
Apply,Apply
Approval workflow,Approval workflow
Approve,Approve
Approved,Approved
April,April
Are you sure?,Are you sure?
Arkan Dark,Arkan Dark
Arkan Default,Arkan Default
Ask anything...,Ask anything...
Assignments,Assignments
Attach,Attach
Attach file,Attach file
Audit Trail,Audit Trail
August,August
Auto,Auto
Auto Dark Mode,Auto Dark Mode
Auto Dark Mode Detection,Auto Dark Mode Detection
Auto Detection,Auto Detection
Auto Layout,Auto Layout
Auto RTL,Auto RTL
Auto RTL Detection,Auto RTL Detection
"Auto dark mode, RTL, and 55+ CSS design tokens","Auto dark mode, RTL, and 55+ CSS design tokens"
Auto-backup data,Auto-backup data
Auto-refresh every,Auto-refresh every
Avg Utilization,Avg Utilization
Back,Back
Back to top,Back to top
Background,Background
Background Jobs,Background Jobs
Background image opacity (0.0 – 1.0),Background image opacity (0.0 – 1.0)
Backlog,Backlog
Base Size,Base Size
Base Theme,Base Theme
Basic,Basic
Before,Before
Best formats,Best formats
Bilingual Tooltip System,Bilingual Tooltip System
Bilingual tooltips disabled,Bilingual tooltips disabled
Bilingual tooltips enabled,Bilingual tooltips enabled
Bins,Bins
Bookmark,Bookmark
Bookmark removed,Bookmark removed
Border,Border
Border Radius,Border Radius
Brand Colors,Brand Colors
Breadcrumb,Breadcrumb
Browse and search 3000+ Tabler icons,Browse and search 3000+ Tabler icons
Built for Arabic and Hebrew from the ground up,Built for Arabic and Hebrew from the ground up
Built on battle-tested libraries,Built on battle-tested libraries
Button has no accessible name,Button has no accessible name
CEO,CEO
CFO,CFO
COO,COO
CTO,CTO
Cache cleared,Cache cleared
Calendar,Calendar
Cancel,Cancel
Cancelled,Cancelled
Cannot delete built-in themes,Cannot delete built-in themes
Capacity,Capacity
Caption,Caption
Capturing...,Capturing...
Card View,Card View
Cards,Cards
Change Background,Change Background
Change History,Change History
Change Layout Algorithm,Change Layout Algorithm
Changed,Changed
Chart,Chart
Chart engine not available,Chart engine not available
ChartPro not loaded,ChartPro not loaded
Chat cleared. How can I help you?,Chat cleared. How can I help you?
Child Table,Child Table
Circle,Circle
Clear,Clear
Clear All,Clear All
Clear Cache,Clear Cache
Clear chat,Clear chat
Clear selection,Clear selection
Click Send to test,Click Send to test
Click a node to see details,Click a node to see details
Click any button above to preview a template,Click any button above to preview a template
Click to edit,Click to edit
Clickable element not keyboard accessible,Clickable element not keyboard accessible
Clipboard copy failed,Clipboard copy failed
Close,Close
Close current tab,Close current tab
Close detail panel,Close detail panel
Close panel (Esc),Close panel (Esc)
Close panel / overlay,Close panel / overlay
Close tab,Close tab
Closed,Closed
Code review,Code review
Collapse,Collapse
Collapse All,Collapse All
Color,Color
Color System,Color System
Column,Column
Column Mapping,Column Mapping
Columns,Columns
Command Center,Command Center
Command Palette,Command Palette
Comment,Comment
Comments,Comments
Company Details,Company Details
Company Name,Company Name
Company departments and hierarchy,Company departments and hierarchy
Comparison,Comparison
Complete,Complete
Complete the following steps to get started,Complete the following steps to get started
Completed,Completed
Component Not Found,Component Not Found
Components,Components
Concentric,Concentric
Condition,Condition
Configuration & Docs,Configuration & Docs
Configuration Error,Configuration Error
Configure your preferences,Configure your preferences
Configure your settings,Configure your settings
Connected to,Connected to
Connection Types,Connection Types
Connections,Connections
Context Menu,Context Menu
Context menu,Context menu
Controller,Controller
Copied,Copied
Copied rich text,Copied rich text
Copied to clipboard,Copied to clipboard
Copy,Copy
Core Infrastructure,Core Infrastructure
Could not list whiteboards,Could not list whiteboards
Could not load record,Could not load record
Create,Create
Create first,Create first
Create new document,Create new document
Created By,Created By
Created successfully,Created successfully
Critical,Critical
Current,Current
Current value,Current value
Custom,Custom
Customer Relationships,Customer Relationships
Customize,Customize
Cytoscape.js with 8 layout algorithms including ELK.js,Cytoscape.js with 8 layout algorithms including ELK.js
Dark Mode,Dark Mode
Data Adapter,Data Adapter
Data Model,Data Model
Data Preview,Data Preview
Data Relationships,Data Relationships
Data Story View,Data Story View
Database optimization,Database optimization
Date,Date
Day,Day
Day of Month,Day of Month
Day of Week,Day of Week
Deals,Deals
December,December
Decorative image should have role=presentation,Decorative image should have role=presentation
Decrease font size,Decrease font size
Default,Default
Default Layout,Default Layout
Delete,Delete
Deleted,Deleted
Delivered,Delivered
Demo data cleared for Frappe Visual,Demo data cleared for Frappe Visual
Demo data loaded for Frappe Visual,Demo data loaded for Frappe Visual
Dependency Graph,Dependency Graph
Depends On,Depends On
Depth,Depth
Description,Description
Design mockups,Design mockups
Detail Panel,Detail Panel
Dev Lead,Dev Lead
Disable Animations,Disable Animations
Disable Minimap,Disable Minimap
Disabled,Disabled
Discard,Discard
Dismiss,Dismiss
Display Options,Display Options
Display Settings,Display Settings
Distance,Distance
Doc Status,Doc Status
DocType,DocType
DocType Details,DocType Details
DocTypes,DocTypes
Document,Document
Documentation,Documentation
Done,Done
Down,Down
Download,Download
Draft,Draft
"Drag & drop a file here, or click to browse","Drag & drop a file here, or click to browse"
Drag and drop to organize tasks,Drag and drop to organize tasks
Drag fields from the palette or click to add,Drag fields from the palette or click to add
"Drag fields to Rows, Columns, and Values zones to build the pivot table","Drag fields to Rows, Columns, and Values zones to build the pivot table"
Drag to reorder,Drag to reorder
Drag to resize,Drag to resize
Drag-and-drop Kanban boards,Drag-and-drop Kanban boards
Drag-and-drop cards with WIP limits,Drag-and-drop cards with WIP limits
Draggable overlay container,Draggable overlay container
"Draggable, resizable overlay containers","Draggable, resizable overlay containers"
Drawing Tools,Drawing Tools
Drop files here or click to browse,Drop files here or click to browse
Duplicate,Duplicate
Dynamic Link,Dynamic Link
ELK Layered,ELK Layered
ELK Radial,ELK Radial
ELK Stress,ELK Stress
ELK Tree,ELK Tree
ERD,ERD
ERD Explorer,ERD Explorer
Earlier,Earlier
Edges,Edges
Edit,Edit
Edit DocType,Edit DocType
Edit Layout,Edit Layout
Email Account,Email Account
Email Address,Email Address
Emergency,Emergency
Empty,Empty
Empty heading element,Empty heading element
Enable Animations,Enable Animations
Enable Minimap,Enable Minimap
Enable dark mode,Enable dark mode
Enable notifications,Enable notifications
Enabled,Enabled
Energy Points,Energy Points
Enter URL,Enter URL
Enter URL:,Enter URL:
Enter company name,Enter company name
Enter floor plan image URL (or /api/method/... for uploaded file):,Enter floor plan image URL (or /api/method/... for uploaded file):
Enter image URL:,Enter image URL:
Enter label text:,Enter label text:
Enter text:,Enter text:
Enter your company information to get started,Enter your company information to get started
Enterprise,Enterprise
Entity Relationship Diagrams for DocTypes,Entity Relationship Diagrams for DocTypes
Entity Relationship Diagrams showing DocType links and child tables,Entity Relationship Diagrams showing DocType links and child tables
Entity Relationships,Entity Relationships
Entity relationship diagram for Customer doctype,Entity relationship diagram for Customer doctype
Entity relationships,Entity relationships
Entrance,Entrance
Error,Error
Error Log,Error Log
Every,Every
Every Monday at 9 AM,Every Monday at 9 AM
Every Sunday at midnight,Every Sunday at midnight
Every day at 9 AM,Every day at 9 AM
Every day at midnight,Every day at midnight
Every hour,Every hour
Every minute,Every minute
Excel support requires SheetJS library,Excel support requires SheetJS library
Expand,Expand
Expand All,Expand All
Expired,Expired
Explore all the features and capabilities,Explore all the features and capabilities
Export,Export
Export CSV,Export CSV
Export Error,Export Error
Export JSON,Export JSON
Export PNG,Export PNG
Export SVG,Export SVG
Export as PNG,Export as PNG
Export as SVG,Export as SVG
Export failed,Export failed
Exporting,Exporting
Exporting SVG...,Exporting SVG...
Failed to load,Failed to load
Failed to load app info,Failed to load app info
Failed to load app map,Failed to load app map
Failed to load data,Failed to load data
Failed to load floor plan image. Check the URL or upload a new image.,Failed to load floor plan image. Check the URL or upload a new image.
Failed to load links,Failed to load links
Failed to load reports,Failed to load reports
Failed to load settings,Failed to load settings
Failed to move card,Failed to move card
Failed to parse file:,Failed to parse file:
Feature not available in free tier,Feature not available in free tier
Features,Features
February,February
Field Name,Field Name
Fields,Fields
Filter DocTypes or Roles...,Filter DocTypes or Roles...
Find...,Find...
Finish,Finish
First of month at midnight,First of month at midnight
Fit,Fit
Fit Page,Fit Page
Fit Width,Fit Width
Fit to Screen,Fit to Screen
Fit to View,Fit to View
Flags,Flags
Floating Window,Floating Window
FloatingWindow component required,FloatingWindow component required
Floor Plan Image,Floor Plan Image
Floor plan saved,Floor plan saved
Follow the steps,Follow the steps
Font Family,Font Family
Font Size,Font Size
Font size,Font size
Font size slider,Font size slider
Force Directed,Force Directed
"Force-directed, hierarchical, radial, grid, and more","Force-directed, hierarchical, radial, grid, and more"
Foreground,Foreground
Forest Green,Forest Green
Form Builder,Form Builder
Form Dashboard,Form Dashboard
Form Preview,Form Preview
Form View,Form View
Form input missing label,Form input missing label
Found {0} edges,Found {0} edges
Found {0} nodes,Found {0} nodes
Frappe,Frappe
Frappe Visual,Frappe Visual
Frappe Visual Administrator,Frappe Visual Administrator
Frappe Visual Error,Frappe Visual Error
Frappe Visual Export,Frappe Visual Export
Frappe Visual Onboarding,Frappe Visual Onboarding
Frappe Visual Power User,Frappe Visual Power User
Frappe Visual Settings,Frappe Visual Settings
Frappe Visual Viewer,Frappe Visual Viewer
Free,Free
Fri,Fri
From,From
From graphs to kanban boards everything you need,From graphs to kanban boards everything you need
From order creation to delivery,From order creation to delivery
Frontend development,Frontend development
Full Form,Full Form
Full RTL Support,Full RTL Support
Fullscreen,Fullscreen
GSAP-powered smooth animations everywhere,GSAP-powered smooth animations everywhere
"GSAP-powered stagger, morph, and scroll animations","GSAP-powered stagger, morph, and scroll animations"
Gallery,Gallery
Gantt Chart,Gantt Chart
General,General
General Settings,General Settings
Generating PDF...,Generating PDF...
Generating page for,Generating page for
Geographic map with clustering and markers,Geographic map with clustering and markers
Geographic map with markers,Geographic map with markers
Get Started,Get Started
Getting Started,Getting Started
Global,Global
Go back,Go back
Go forward,Go forward
Go to,Go to
Grand Total,Grand Total
Graph Components,Graph Components
Graph Engine,Graph Engine
Graph generated successfully,Graph generated successfully
Graph rendering & interaction,Graph rendering & interaction
Graph-based Visual UX Framework,Graph-based Visual UX Framework
Graph-based Visual UX Framework for Frappe applications,Graph-based Visual UX Framework for Frappe applications
Grid,Grid
Guided walkthroughs & onboarding,Guided walkthroughs & onboarding
Guided walkthroughs and onboarding slides,Guided walkthroughs and onboarding slides
HR,HR
Hello! How can I help you today?,Hello! How can I help you today?
Hidden,Hidden
Hierarchical,Hierarchical
Hierarchical structure,Hierarchical structure
Hierarchical tree visualization,Hierarchical tree visualization
Hierarchical tree with expand/collapse and search,Hierarchical tree with expand/collapse and search
Hierarchy,Hierarchy
High contrast off,High contrast off
High contrast on,High contrast on
High volume — consider reviewing filters,High volume — consider reviewing filters
Home,Home
Hour,Hour
Icon Explorer,Icon Explorer
Icon System,Icon System
Icons,Icons
Image Source,Image Source
Image URL,Image URL
Image gallery with lightbox,Image gallery with lightbox
Image gallery with lightbox and zoom,Image gallery with lightbox and zoom
Image missing alt text,Image missing alt text
Image resolution,Image resolution
Import,Import
Import Complete,Import Complete
Import More,Import More
Importing into,Importing into
Importing...,Importing...
In Progress,In Progress
Inactive,Inactive
Incoming,Incoming
Increase font size,Increase font size
Industry,Industry
Info,Info
Initial planning,Initial planning
Insufficient permissions,Insufficient permissions
Integration Error,Integration Error
Integration error with {0}: {1},Integration error with {0}: {1}
Interactive Application Explorer,Interactive Application Explorer
Interactive app/module/DocType graph explorer,Interactive app/module/DocType graph explorer
Interactive app/module/DocType graph explorer with multiple layout engines,Interactive app/module/DocType graph explorer with multiple layout engines
Invalid,Invalid
Invalid email address: {0},Invalid email address: {0}
Invalid phone number: {0},Invalid phone number: {0}
Invalid theme file,Invalid theme file
Invite team members to your workspace,Invite team members to your workspace
Items,Items
JSON,JSON
January,January
July,July
June,June
KPIs,KPIs
Kanban,Kanban
Kanban Board,Kanban Board
Kanban View,Kanban View
Key,Key
Key Features,Key Features
Keyboard Shortcuts,Keyboard Shortcuts
Label,Label
Last 30 Days,Last 30 Days
Last 7 Days,Last 7 Days
Last Modified,Last Modified
Last Month,Last Month
Last checked,Last checked
Layout,Layout
Layout Error,Layout Error
Layout Manager,Layout Manager
Layout error{0}: {1},Layout error{0}: {1}
Legend,Legend
Less,Less
Let's get you started with a quick tour,Let's get you started with a quick tour
License,License
License Error,License Error
License Information,License Information
License Key,License Key
License Status,License Status
License validation failed,License validation failed
"License, display, and theme settings","License, display, and theme settings"
Light Mode,Light Mode
Light Text,Light Text
Linear,Linear
Link,Link
Link Document,Link Document
Link copied!,Link copied!
Link has no accessible text,Link has no accessible text
Link opens in new tab without warning,Link opens in new tab without warning
Link sharing,Link sharing
Link to Document,Link to Document
Linked Documents,Linked Documents
Linked Types,Linked Types
Links,Links
List,List
List View,List View
Listening...,Listening...
Load,Load
Load More,Load More
Load Whiteboard,Load Whiteboard
Load failed,Load failed
Load from Server,Load from Server
Load preset…,Load preset…
Loading application map...,Loading application map...
Loading relationship explorer...,Loading relationship explorer...
Loading...,Loading...
Log,Log
Loop,Loop
Main,Main
Manage Settings,Manage Settings
Manager,Manager
Mandatory,Mandatory
Manufacturing,Manufacturing
Map,Map
Map Layers,Map Layers
Map source columns to target fields,Map source columns to target fields
March,March
Mark all read,Mark all read
Master,Master
Material,Material
Max,Max
May,May
Media,Media
Mentions,Mentions
Min,Min
Minimap,Minimap
Minute,Minute
Modified,Modified
Module,Module
Modules,Modules
Modules and components,Modules and components
Mon,Mon
Month,Month
Month/week/day event calendar with drag support,Month/week/day event calendar with drag support
Month/week/day visual calendar,Month/week/day visual calendar
Monthly Sales,Monthly Sales
More,More
More actions,More actions
Motion off,Motion off
Motion on,Motion on
Move Down,Move Down
Move Up,Move Up
Mute,Mute
Muted Text,Muted Text
My Location,My Location
Name,Name
Navigate,Navigate
Navigate records,Navigate records
Navigation,Navigation
Navigation overview for large graphs,Navigation overview for large graphs
New,New
New Invoice,New Invoice
New Order,New Order
New Orders,New Orders
New Tab,New Tab
New assignment,New assignment
Next,Next
Next Page,Next Page
Next record (↓),Next record (↓)
Next: Preview,Next: Preview
No,No
No DocType specified,No DocType specified
No Link fields found,No Link fields found
No SVG element found,No SVG element found
No active workflow found,No active workflow found
No activity,No activity
No activity yet,No activity yet
No apps found,No apps found
No audit entries found,No audit entries found
No bins match your filter,No bins match your filter
No cards,No cards
No commands found,No commands found
No data,No data
No data available for storytelling,No data available for storytelling
No data to export,No data to export
No endpoints found,No endpoints found
No events found,No events found
No events to display,No events to display
No fields found. Load a DocType or add fields.,No fields found. Load a DocType or add fields.
No files in this folder,No files in this folder
No images found,No images found
No linked documents,No linked documents
No matching actions,No matching actions
No notifications,No notifications
No numeric columns to chart,No numeric columns to chart
No recent activity,No recent activity
No recent records,No recent records
No records,No records
No records found,No records found
No relationships found,No relationships found
No resources defined,No resources defined
No results,No results
No results found,No results found
No saved whiteboards,No saved whiteboards
No status field found for Kanban view,No status field found for Kanban view
No status options defined,No status options defined
No tasks found,No tasks found
No users found,No users found
No version data,No version data
No versions to compare. Enable versioning on this DocType to track changes.,No versions to compare. Enable versioning on this DocType to track changes.
No words to display,No words to display
No workflow defined,No workflow defined
No workflow found,No workflow found
Nodes,Nodes
Not Found,Not Found
Not Set,Not Set
Not shared with anyone,Not shared with anyone
Notification,Notification
Notifications,Notifications
November,November
Ocean Breeze,Ocean Breeze
October,October
Older,Older
On Hold,On Hold
Onboarding complete!,Onboarding complete!
One line to create an interactive application graph,One line to create an interactive application graph
Opacity,Opacity
Open,Open
Open App,Open App
Open Full Form,Open Full Form
Open List,Open List
Open full form,Open full form
Open full form (Ctrl+Enter),Open full form (Ctrl+Enter)
Open full form →,Open full form →
Open list,Open list
Open report,Open report
Operations,Operations
Options,Options
Order Processing Workflow,Order Processing Workflow
Order approved by manager,Order approved by manager
Order being prepared,Order being prepared
Order created pending submission,Order created pending submission
Order delivered to customer,Order delivered to customer
Order dispatched,Order dispatched
Order submitted for approval,Order submitted for approval
Organization Structure,Organization Structure
Other,Other
Outgoing,Outgoing
PDF export requires jsPDF. Downloaded as PNG instead.,PDF export requires jsPDF. Downloaded as PNG instead.
Page,Page
Page missing lang attribute on <html>,Page missing lang attribute on <html>
Pagination,Pagination
Parameters,Parameters
Pending,Pending
Pending Invoices,Pending Invoices
People viewing,People viewing
Permission Denied,Permission Denied
Permission Matrix,Permission Matrix
Phase 1: Planning,Phase 1: Planning
Phase 2: Design,Phase 2: Design
Phase 3: Development,Phase 3: Development
Phase 4: Testing,Phase 4: Testing
Phase 5: Launch,Phase 5: Launch
Pick from screen,Pick from screen
Picture-in-Picture,Picture-in-Picture
Pipeline,Pipeline
Pivot Table,Pivot Table
Play,Play
Playlist,Playlist
Please select an icon,Please select an icon
Powerful engines under the hood,Powerful engines under the hood
Premium,Premium
Premium Animations,Premium Animations
Premium Feature,Premium Feature
Premium Visual Effects,Premium Visual Effects
Preparing export...,Preparing export...
Preset name:,Preset name:
Press,Press
Preview,Preview
Previous,Previous
Previous / next record,Previous / next record
Previous Page,Previous Page
Previous record (↑),Previous record (↑)
Price,Price
Primary,Primary
Primary Dark,Primary Dark
Primary Light,Primary Light
Print,Print
Print Settings,Print Settings
Process flow visualization,Process flow visualization
Processing,Processing
Professional animations,Professional animations
Project Tasks,Project Tasks
Project Timeline,Project Timeline
Project setup,Project setup
Project timeline,Project timeline
Project timeline Gantt bars,Project timeline Gantt bars
Project timeline with task dependencies,Project timeline with task dependencies
Properties,Properties
Q2 2026 Development Roadmap,Q2 2026 Development Roadmap
QA Lead,QA Lead
Query Report,Query Report
Queue,Queue
Quick Actions,Quick Actions
Quick Navigation,Quick Navigation
Quick Presets,Quick Presets
Quick action,Quick action
Quick entry form,Quick entry form
Quick filter...,Quick filter...
Radial,Radial
Radius Large,Radius Large
Radius Small,Radius Small
Rate Limit Exceeded,Rate Limit Exceeded
Rating,Rating
Reactions,Reactions
Read Only,Read Only
Ready to get started?,Ready to get started?
Real-time business metrics,Real-time business metrics
Real-time overview,Real-time overview
Recent,Recent
Recent Activity,Recent Activity
Recent Incidents,Recent Incidents
Recommended Resolution,Recommended Resolution
Recommended minimum,Recommended minimum
Record Detail Panel,Record Detail Panel
Records,Records
Redo,Redo
Redo (Alt),Redo (Alt)
Refresh,Refresh
Reject,Reject
Reject All,Reject All
Rejected,Rejected
Relationship Explorer,Relationship Explorer
Relationships,Relationships
Reload Page,Reload Page
Remove,Remove
Remove group,Remove group
Render Error,Render Error
Render error{0}: {1},Render error{0}: {1}
Reply...,Reply...
Report,Report
Report Builder,Report Builder
Reports,Reports
Reports Hub,Reports Hub
Research competitors,Research competitors
Resend Code,Resend Code
Resend in,Resend in
Reset,Reset
Reset View,Reset View
Reset font size,Reset font size
Resolve,Resolve
Response,Response
Restore,Restore
Retail,Retail
Retry,Retry
Revenue by Region,Revenue by Region
Revert,Revert
Review,Review
Review & Submit,Review & Submit
Review Your Information,Review Your Information
Rich interactive widgets,Rich interactive widgets
Right-click actions on graph nodes and edges,Right-click actions on graph nodes and edges
Role,Role
Roles,Roles
Room,Room
Route,Route
Route Planner,Route Planner
Row,Row
Rows,Rows
SVG missing aria-label or <title>,SVG missing aria-label or <title>
Sales Dashboard,Sales Dashboard
Sat,Sat
Save,Save
Save Preset,Save Preset
Save Theme,Save Theme
Save document,Save document
Save failed,Save failed
Save failed ✕,Save failed ✕
Save failed:,Save failed:
Save to Server,Save to Server
Saved,Saved
Saved successfully,Saved successfully
Saved ✓,Saved ✓
Saving…,Saving…
Schema Designer,Schema Designer
Scope,Scope
Script Report,Script Report
"Scroll down to explore each section, or use keyboard arrows to navigate.","Scroll down to explore each section, or use keyboard arrows to navigate."
Search,Search
Search APIs...,Search APIs...
Search bins...,Search bins...
Search everywhere…,Search everywhere…
Search files...,Search files...
Search icons...,Search icons...
Search in document...,Search in document...
Search in workspace,Search in workspace
Search location...,Search location...
Search nodes...,Search nodes...
Search notifications…,Search notifications…
Search or type a command…,Search or type a command…
Search reports...,Search reports...
Search...,Search...
Searching…,Searching…
Search…,Search…
Secondary,Secondary
Select,Select
Select All,Select All
Select DocType...,Select DocType...
Select Icon,Select Icon
Select a cell,Select a cell
Select a field to edit,Select a field to edit
Select a file to preview,Select a file to preview
Select a node or edge,Select a node or edge
Select a record to preview,Select a record to preview
Select an API endpoint from the sidebar,Select an API endpoint from the sidebar
Select an app,Select an app
Select an element first,Select an element first
Select an element to edit its properties,Select an element to edit its properties
Select date range,Select date range
Select end date,Select end date
Select field…,Select field…
Select industry,Select industry
Select language,Select language
Select start date,Select start date
Select...,Select...
Select…,Select…
Send,Send
Send Request,Send Request
September,September
Service,Service
Set,Set
Set Floor Plan Background,Set Floor Plan Background
Settings,Settings
Settings saved successfully,Settings saved successfully
Setup,Setup
Setup Complete!,Setup Complete!
Setup Progress,Setup Progress
Setup Wizard,Setup Wizard
Shadow,Shadow
Share,Share
Share document,Share document
Shipped,Shipped
Show ERD,Show ERD
Show Keyboard Shortcuts,Show Keyboard Shortcuts
Show errors,Show errors
Shuffle,Shuffle
Sign here,Sign here
Single,Single
Singleton,Singleton
Size,Size
Skip,Skip
Skip to main content,Skip to main content
"Sorry, something went wrong. Please try again.","Sorry, something went wrong. Please try again."
Source Column,Source Column
Spacing & Radius,Spacing & Radius
Spacing Unit,Spacing Unit
Speech recognition not supported,Speech recognition not supported
Speed,Speed
Split,Split
Split View — click row to preview without leaving the list,Split View — click row to preview without leaving the list
Split ✓,Split ✓
Staff,Staff
Standard,Standard
Star,Star
Starred,Starred
Start Import,Start Import
Start Tutorial,Start Tutorial
Start building visual experiences,Start building visual experiences
Start writing...,Start writing...
Statistics,Statistics
Status,Status
Status Colors,Status Colors
Step {0} of {1},Step {0} of {1}
Step-by-step guide,Step-by-step guide
Sticky note text:,Sticky note text:
Story,Story
Storyboard,Storyboard
Storyboard Wizard,Storyboard Wizard
Stretch Mode,Stretch Mode
Stroke Color,Stroke Color
Stroke Width,Stroke Width
Submit,Submit
Submit document,Submit document
Submittable,Submittable
Submitted,Submitted
Subtle Background,Subtle Background
Success,Success
Suggestions,Suggestions
Summary,Summary
Sun,Sun
Sunset Warm,Sunset Warm
Supported formats,Supported formats
Surface Colors,Surface Colors
Switch tabs,Switch tabs
System,System
System Settings,System Settings
Table,Table
Table View,Table View
Tabler Icons with smart DocType mapping,Tabler Icons with smart DocType mapping
Tailwind,Tailwind
Target Field,Target Field
Tasks,Tasks
Technology,Technology
Technology Stack,Technology Stack
Tests,Tests
Text,Text
Theme Builder,Theme Builder
Theme Error,Theme Error
Theme Manager,Theme Manager
Theme Name,Theme Name
Theme error{0}: {1},Theme error{0}: {1}
Thickness,Thickness
This DocType needs a Select field with status options,This DocType needs a Select field with status options
This Month,This Month
This Quarter,This Quarter
This Week,This Week
This Year,This Year
This field is required,This field is required
This interactive story walks you through the key metrics and data in this workspace.,This interactive story walks you through the key metrics and data in this workspace.
Thu,Thu
Thumbnails,Thumbnails
Time,Time
Timeline,Timeline
Timeline View,Timeline View
Tip,Tip
To,To
To Do,To Do
Today,Today
Toggle Bilingual Tips,Toggle Bilingual Tips
Toggle Dark Mode,Toggle Dark Mode
Toggle Direction,Toggle Direction
Toggle Full Screen,Toggle Full Screen
Toggle Grid,Toggle Grid
Toggle Heatmap,Toggle Heatmap
Toggle Layout,Toggle Layout
Toggle Nav Sidebar,Toggle Nav Sidebar
Toggle Split View,Toggle Split View
Toggle high contrast,Toggle high contrast
Toggle navigation,Toggle navigation
Toggle reduced motion,Toggle reduced motion
Too many requests. Please try again later.,Too many requests. Please try again later.
Tool,Tool
Total,Total
Total DocTypes,Total DocTypes
Total Metrics,Total Metrics
Total Modules,Total Modules
Total Qty,Total Qty
Total Revenue,Total Revenue
Total Value,Total Value
Total documents,Total documents
Transaction,Transaction
Transition Label,Transition Label
Treasury,Treasury
Tree,Tree
Tree View,Tree View
Tue,Tue
Type,Type
Type / for commands...,Type / for commands...
Type a command,Type a command
Type a command or search…,Type a command or search…
Type a command…,Type a command…
Type to search across all sources,Type to search across all sources
Typography,Typography
UI Components,UI Components
URL,URL
Undo,Undo
Unified,Unified
Unknown widget type,Unknown widget type
Untitled,Untitled
Up,Up
Upgrade to Premium for this feature,Upgrade to Premium for this feature
Upload,Upload
Upload Image,Upload Image
Use App Map,Use App Map
Use Calendar,Use Calendar
Use Ctrl+F in viewer,Use Ctrl+F in viewer
Use ERD Explorer,Use ERD Explorer
Use Gallery,Use Gallery
Use Gantt Chart,Use Gantt Chart
Use Kanban Board,Use Kanban Board
Use Map,Use Map
Use Storyboard,Use Storyboard
Use Tree View,Use Tree View
Use high-resolution blueprint/CAD exports for best results,Use high-resolution blueprint/CAD exports for best results
Use the toolbar above to switch back to the standard view at any time.,Use the toolbar above to switch back to the standard view at any time.
Use ↑↓ to navigate · Esc to close · Ctrl+Enter to open full,Use ↑↓ to navigate · Esc to close · Ctrl+Enter to open full
User,User
User Roles,User Roles
Valid,Valid
Validation Error,Validation Error
Validation failed,Validation failed
Value,Value
Values,Values
Versions,Versions
View,View
View Details,View Details
View Relationships,View Relationships
View Reports,View Reports
View Statistics,View Statistics
View Visual Hub,View Visual Hub
View file,View file
Virtual,Virtual
Visual Calendar,Visual Calendar
Visual Dashboard,Visual Dashboard
Visual Form Dashboard,Visual Form Dashboard
Visual GUI Framework for Frappe,Visual GUI Framework for Frappe
Visual Gallery,Visual Gallery
Visual Gantt,Visual Gantt
Visual Hub,Visual Hub
Visual Map,Visual Map
Visual Templates Demo,Visual Templates Demo
Visual Tree View,Visual Tree View
Visual component '{0}' not found,Visual component '{0}' not found
Visual linked-document dashboard,Visual linked-document dashboard
Visual linked-document dashboard on forms,Visual linked-document dashboard on forms
Visual schema explorer,Visual schema explorer
Visualize your data relationships,Visualize your data relationships
Voice input,Voice input
WIP limit reached for {0},WIP limit reached for {0}
Walkthrough,Walkthrough
Warning,Warning
We use cookies to improve your experience.,We use cookies to improve your experience.
Website Settings,Website Settings
Wed,Wed
Week,Week
Week of,Week of
Weekdays at 9 AM,Weekdays at 9 AM
Weighted Value,Weighted Value
Welcome to,Welcome to
What you can do,What you can do
Whiteboard,Whiteboard
Whiteboard loaded,Whiteboard loaded
Whiteboard saved,Whiteboard saved
Wizard completed successfully!,Wizard completed successfully!
Workflow,Workflow
Workflow & dependency visualization,Workflow & dependency visualization
Workflow and dependency chain visualization,Workflow and dependency chain visualization
Workflow saved,Workflow saved
Workspace,Workspace
Workspace Navigation,Workspace Navigation
Workspaces,Workspaces
Write a comment…,Write a comment…
Write documentation,Write documentation
Yes,Yes
Yesterday,Yesterday
You are here,You are here
You do not have permission to {0} {1},You do not have permission to {0} {1}
You do not have the '{0}' capability. Contact your administrator.,You do not have the '{0}' capability. Contact your administrator.
You have an unsaved draft.,You have an unsaved draft.
You were mentioned,You were mentioned
You're all set. Click Finish to start using the system.,You're all set. Click Finish to start using the system.
Your information has been submitted successfully.,Your information has been submitted successfully.
Zone,Zone
Zoom In,Zoom In
Zoom Out,Zoom Out
active filter(s),active filter(s)
at,at
at minute,at minute
changes,changes
chars,chars
close,close
commented,commented
completed,completed
cover = fill (may crop) · contain = fit inside · stretch = distort to fill · original = natural size,cover = fill (may crop) · contain = fit inside · stretch = distort to fill · original = natural size
d,d
days,days
empty,empty
errors,errors
every minute,every minute
failed,failed
fields,fields
h,h
imported,imported
in,in
info,info
items,items
just now,just now
m,m
mapped fields,mapped fields
min,min
modified,modified
more,more
navigate,navigate
of,of
of every hour,of every hour
on,on
on day,on day
or higher,or higher
page,page
permissions granted,permissions granted
records,records
reports available,reports available
resp,resp
rows,rows
rows added,rows added
rows removed,rows removed
select,select
selected,selected
to toggle,to toggle
to toggle this overlay,to toggle this overlay
uptime,uptime
versions,versions
viewing,viewing
vs last period,vs last period
warnings,warnings
words,words
{0} doctypes,{0} doctypes
{0} is not configured properly. Please check Settings.,{0} is not configured properly. Please check Settings.
{0} is required,{0} is required
{0} modules,{0} modules
{0} must be a number,{0} must be a number
{0} must be greater than zero,{0} must be greater than zero
{0} must be one of: {1},{0} must be one of: {1}
{0} {1} not found,{0} {1} not found
— Skip —,— Skip —
